,state,date,price
0,Alabama,2020-12-01,1102.7209833401275
1,Arizona,2020-12-01,1403.9611532758668
2,Arkansas,2020-12-01,920.633611388367
3,California,2020-12-01,2345.948433704127
4,Colorado,2020-12-01,1709.0513016762466
5,Connecticut,2020-12-01,1689.254745909985
6,District of Columbia,2020-12-01,2060.510827798731
7,Florida,2020-12-01,1778.9910026029208
8,Georgia,2020-12-01,1386.486396577903
9,Hawaii,2020-12-01,2115.9329306354584
10,Idaho,2020-12-01,1385.9528224491132
11,Illinois,2020-12-01,1678.1768824589922
12,Indiana,2020-12-01,1257.6994040933396
13,Iowa,2020-12-01,1166.1256783541091
14,Kansas,2020-12-01,828.7005139461187
15,Kentucky,2020-12-01,988.3852013433618
16,Louisiana,2020-12-01,1294.7827620212022
17,Maryland,2020-12-01,1667.6411932714016
18,Massachusetts,2020-12-01,1707.2947430731417
19,Michigan,2020-12-01,1288.257662181608
20,Minnesota,2020-12-01,1553.2177836943702
21,Mississippi,2020-12-01,1253.1097983271463
22,Missouri,2020-12-01,1178.3955810971
23,Nebraska,2020-12-01,1217.7927142499768
24,Nevada,2020-12-01,1471.2358809140178
25,New Mexico,2020-12-01,1234.8267846371764
26,New York,2020-12-01,1482.5362778238707
27,North Carolina,2020-12-01,1376.8314129262965
28,Ohio,2020-12-01,1041.9377737807047
29,Oklahoma,2020-12-01,1129.8946163722815
30,Oregon,2020-12-01,1670.71456749357
31,Pennsylvania,2020-12-01,1261.0231860324593
32,Rhode Island,2020-12-01,1583.9278250679147
33,South Carolina,2020-12-01,1353.8907424545584
34,Tennessee,2020-12-01,1381.875721497659
35,Texas,2020-12-01,1451.4374170257493
36,United States,2020-12-01,1743.8410553094216
37,Utah,2020-12-01,1382.81818905058
38,Virginia,2020-12-01,1356.7066834773514
39,Washington,2020-12-01,1627.2136001707916
40,Wisconsin,2020-12-01,1277.6047016479145
41,Alabama,2021-01-01,1096.5049905086812
42,Arizona,2021-01-01,1362.5363282960075
43,Arkansas,2021-01-01,908.6794747855802
44,California,2021-01-01,2317.294930422363
45,Colorado,2021-01-01,1677.580736911944
46,Connecticut,2021-01-01,1649.1474207767692
47,District of Columbia,2021-01-01,2061.7358684006217
48,Florida,2021-01-01,1756.702668486138
49,Georgia,2021-01-01,1356.4926555336508
50,Hawaii,2021-01-01,2090.814554520923
51,Idaho,2021-01-01,1340.9209127506501
52,Illinois,2021-01-01,1690.0401923407103
53,Indiana,2021-01-01,1256.1210235903259
54,Iowa,2021-01-01,1119.4216522331087
55,Kansas,2021-01-01,789.8808258702865
56,Kentucky,2021-01-01,995.8738152184455
57,Louisiana,2021-01-01,1286.6346182254488
58,Maryland,2021-01-01,1619.7338976586316
59,Massachusetts,2021-01-01,1719.1938975268054
60,Michigan,2021-01-01,1273.6462764093205
61,Minnesota,2021-01-01,1526.6053329385575
62,Mississippi,2021-01-01,1253.4899851132616
63,Missouri,2021-01-01,1168.5744161664163
64,Nebraska,2021-01-01,1229.1606433836391
65,Nevada,2021-01-01,1426.0777892356825
66,New Mexico,2021-01-01,1197.3683446552288
67,New York,2021-01-01,1500.3451776603602
68,North Carolina,2021-01-01,1353.4336340150717
69,Ohio,2021-01-01,1038.3358274043226
70,Oklahoma,2021-01-01,1128.3477720739122
71,Oregon,2021-01-01,1647.9302115046823
72,Pennsylvania,2021-01-01,1215.6443994263539
73,Rhode Island,2021-01-01,1560.8255674483523
74,South Carolina,2021-01-01,1321.5528804103162
75,Tennessee,2021-01-01,1374.4072022911357
76,Texas,2021-01-01,1434.3678283321494
77,United States,2021-01-01,1737.7849805114358
78,Utah,2021-01-01,1354.673326089094
79,Virginia,2021-01-01,1336.2813630805406
80,Washington,2021-01-01,1640.175629067051
81,Wisconsin,2021-01-01,1276.4742970796938
82,Alabama,2021-02-01,1100.8785274223974
83,Arizona,2021-02-01,1363.847976381721
84,Arkansas,2021-02-01,918.9493454161129
85,California,2021-02-01,2297.8215204895755
86,Colorado,2021-02-01,1685.3777631461548
87,Connecticut,2021-02-01,1662.6494981997005
88,District of Columbia,2021-02-01,2023.0875963314936
89,Florida,2021-02-01,1754.742407267767
90,Georgia,2021-02-01,1390.595525892551
91,Hawaii,2021-02-01,2088.113267498292
92,Idaho,2021-02-01,1347.24992067458
93,Illinois,2021-02-01,1650.519971981537
94,Indiana,2021-02-01,1270.480150313112
95,Iowa,2021-02-01,1124.5485606985005
96,Kansas,2021-02-01,978.1304698398692
97,Kentucky,2021-02-01,989.8444713160554
98,Louisiana,2021-02-01,1282.3526590264362
99,Maryland,2021-02-01,1613.5989595934263
100,Massachusetts,2021-02-01,1688.1544282235027
101,Michigan,2021-02-01,1274.7826537600847
102,Minnesota,2021-02-01,1525.419320899375
103,Mississippi,2021-02-01,1234.026440768691
104,Missouri,2021-02-01,1169.8097980474802
105,Nebraska,2021-02-01,1252.5323710085572
106,Nevada,2021-02-01,1429.2994474533061
107,New Mexico,2021-02-01,1208.9896249251842
108,New York,2021-02-01,1468.9590404702965
109,North Carolina,2021-02-01,1341.7292757420785
110,Ohio,2021-02-01,1076.1012602055239
111,Oklahoma,2021-02-01,1131.4923915745687
112,Oregon,2021-02-01,1638.0771836426845
113,Pennsylvania,2021-02-01,1245.4623490547594
114,Rhode Island,2021-02-01,1544.4401301109963
115,South Carolina,2021-02-01,1339.955268259047
116,Tennessee,2021-02-01,1381.3434241502453
117,Texas,2021-02-01,1420.1880708547392
118,United States,2021-02-01,1720.5334299746453
119,Utah,2021-02-01,1358.9347030477468
120,Virginia,2021-02-01,1344.0547072969857
121,Washington,2021-02-01,1629.4900059176161
122,Wisconsin,2021-02-01,1281.9049246678605
123,Alabama,2021-03-01,1106.504642879138
124,Arizona,2021-03-01,1404.2795827933385
125,Arkansas,2021-03-01,931.7034434618316
126,California,2021-03-01,2355.255133058334
127,Colorado,2021-03-01,1715.3261435765962
128,Connecticut,2021-03-01,1679.0698985051556
129,District of Columbia,2021-03-01,2076.0427332130052
130,Florida,2021-03-01,1779.572890705984
131,Georgia,2021-03-01,1381.6872910549819
132,Hawaii,2021-03-01,2112.9902615514425
133,Idaho,2021-03-01,1370.9653121774877
134,Illinois,2021-03-01,1692.3631802186599
135,Indiana,2021-03-01,1275.5333305012196
136,Iowa,2021-03-01,1158.3554949509512
137,Kansas,2021-03-01,818.1369843587906
138,Kentucky,2021-03-01,999.2425664553571
139,Louisiana,2021-03-01,1303.6104398112109
140,Maryland,2021-03-01,1660.0613593796636
141,Massachusetts,2021-03-01,1734.7866050039595
142,Michigan,2021-03-01,1281.530570550931
143,Minnesota,2021-03-01,1564.745529254459
144,Mississippi,2021-03-01,1279.232364533477
145,Missouri,2021-03-01,1182.8646999262144
146,Nebraska,2021-03-01,1243.9308787547552
147,Nevada,2021-03-01,1464.741417373908
148,New Mexico,2021-03-01,1228.6801608830476
149,New York,2021-03-01,1496.353858020135
150,North Carolina,2021-03-01,1372.0966511186398
151,Ohio,2021-03-01,1056.9392675859983
152,Oklahoma,2021-03-01,1139.1811522629819
153,Oregon,2021-03-01,1673.5280893744507
154,Pennsylvania,2021-03-01,1270.3448282729128
155,Rhode Island,2021-03-01,1591.4873092017276
156,South Carolina,2021-03-01,1354.8766503619895
157,Tennessee,2021-03-01,1399.2648032377317
158,Texas,2021-03-01,1451.944211239167
159,United States,2021-03-01,1752.9346530320252
160,Utah,2021-03-01,1398.8560417246692
161,Virginia,2021-03-01,1359.1749284219359
162,Washington,2021-03-01,1658.2423077218261
163,Wisconsin,2021-03-01,1291.7593379417035
164,Alabama,2021-04-01,1102.2921515478272
165,Arizona,2021-04-01,1416.1589387282622
166,Arkansas,2021-04-01,933.5303099729091
167,California,2021-04-01,2357.003421647722
168,Colorado,2021-04-01,1718.3570760216603
169,Connecticut,2021-04-01,1682.7632478370615
170,District of Columbia,2021-04-01,2077.578676184445
171,Florida,2021-04-01,1785.773782677736
172,Georgia,2021-04-01,1392.1132532052272
173,Hawaii,2021-04-01,2111.267225343532
174,Idaho,2021-04-01,1389.9454991425876
175,Illinois,2021-04-01,1703.719057954994
176,Indiana,2021-04-01,1274.6963220715031
177,Iowa,2021-04-01,1160.3228267239647
178,Kansas,2021-04-01,829.0874117766742
179,Kentucky,2021-04-01,1014.2708096592619
180,Louisiana,2021-04-01,1312.367059522835
181,Maryland,2021-04-01,1661.000050554709
182,Massachusetts,2021-04-01,1731.3743325564612
183,Michigan,2021-04-01,1295.7026108572109
184,Minnesota,2021-04-01,1569.3040929228805
185,Mississippi,2021-04-01,1283.734994079027
186,Missouri,2021-04-01,1191.11150542735
187,Nebraska,2021-04-01,1253.8208984875089
188,Nevada,2021-04-01,1476.752067252722
189,New Mexico,2021-04-01,1243.3935425220177
190,New York,2021-04-01,1514.0930593948658
191,North Carolina,2021-04-01,1388.8804091927923
192,Ohio,2021-04-01,1060.2077723775462
193,Oklahoma,2021-04-01,1148.9116908336978
194,Oregon,2021-04-01,1678.8694692384822
195,Pennsylvania,2021-04-01,1264.9552794175042
196,Rhode Island,2021-04-01,1615.708477958294
197,South Carolina,2021-04-01,1372.1902277884642
198,Tennessee,2021-04-01,1412.6207306540387
199,Texas,2021-04-01,1455.3318707253063
200,United States,2021-04-01,1759.2419808975353
201,Utah,2021-04-01,1393.383277758242
202,Virginia,2021-04-01,1366.72926421185
203,Washington,2021-04-01,1680.8550473398027
204,Wisconsin,2021-04-01,1288.3849060142604
205,Alabama,2021-05-01,1119.5233201034318
206,Arizona,2021-05-01,1421.5860227103724
207,Arkansas,2021-05-01,939.0380641474878
208,California,2021-05-01,2348.6497928969848
209,Colorado,2021-05-01,1719.7916945856114
210,Connecticut,2021-05-01,1712.320416886951
211,District of Columbia,2021-05-01,2069.758853427636
212,Florida,2021-05-01,1780.4035086815184
213,Georgia,2021-05-01,1393.216818684491
214,Hawaii,2021-05-01,2107.3437512244204
215,Idaho,2021-05-01,1400.597600890587
216,Illinois,2021-05-01,1700.2725780004762
217,Indiana,2021-05-01,1282.8083380220753
218,Iowa,2021-05-01,1158.769440313109
219,Kansas,2021-05-01,841.1663950427422
220,Kentucky,2021-05-01,1001.3674664216983
221,Louisiana,2021-05-01,1305.981680050301
222,Maryland,2021-05-01,1650.7161507636479
223,Massachusetts,2021-05-01,1733.8029574512218
224,Michigan,2021-05-01,1305.7138581406477
225,Minnesota,2021-05-01,1569.9005230006146
226,Mississippi,2021-05-01,1277.2946548787672
227,Missouri,2021-05-01,1201.2328689892022
228,Nebraska,2021-05-01,1260.852353055315
229,Nevada,2021-05-01,1474.7635657965172
230,New Mexico,2021-05-01,1243.266905523897
231,New York,2021-05-01,1502.6693122446582
232,North Carolina,2021-05-01,1387.4022877381171
233,Ohio,2021-05-01,1063.2569100528817
234,Oklahoma,2021-05-01,1152.244335191977
235,Oregon,2021-05-01,1678.8849658269176
236,Pennsylvania,2021-05-01,1263.5246197590802
237,Rhode Island,2021-05-01,1631.1842677235516
238,South Carolina,2021-05-01,1369.899036777661
239,Tennessee,2021-05-01,1416.3109760835623
240,Texas,2021-05-01,1455.5583967098723
241,United States,2021-05-01,1758.0430138228812
242,Utah,2021-05-01,1376.2746161880461
243,Virginia,2021-05-01,1369.4945591078101
244,Washington,2021-05-01,1671.9535901628205
245,Wisconsin,2021-05-01,1297.8805710164006
246,Alabama,2021-06-01,1115.9399753008215
247,Arizona,2021-06-01,1426.6876195161183
248,Arkansas,2021-06-01,932.0105311124
249,California,2021-06-01,2348.2121317414253
250,Colorado,2021-06-01,1721.2921427951435
251,Connecticut,2021-06-01,1730.1070923097632
252,District of Columbia,2021-06-01,2068.8246710513918
253,Florida,2021-06-01,1790.7584379690309
254,Georgia,2021-06-01,1401.115293807779
255,Hawaii,2021-06-01,2117.076797203663
256,Idaho,2021-06-01,1405.4336722829364
257,Illinois,2021-06-01,1698.930123528077
258,Indiana,2021-06-01,1297.1773208712214
259,Iowa,2021-06-01,1173.7856863068853
260,Kansas,2021-06-01,841.229096790042
261,Kentucky,2021-06-01,1014.4808525207968
262,Louisiana,2021-06-01,1305.3137908144286
263,Maryland,2021-06-01,1663.904441443512
264,Massachusetts,2021-06-01,1738.6095240596235
265,Michigan,2021-06-01,1320.1251380858037
266,Minnesota,2021-06-01,1570.764285735736
267,Mississippi,2021-06-01,1281.824662711841
268,Missouri,2021-06-01,1205.866766291669
269,Nebraska,2021-06-01,1269.1939059712706
270,Nevada,2021-06-01,1475.550126823861
271,New Mexico,2021-06-01,1240.9772660486583
272,New York,2021-06-01,1519.3005080895257
273,North Carolina,2021-06-01,1388.4733376358133
274,Ohio,2021-06-01,1071.6043711702732
275,Oklahoma,2021-06-01,1157.242058229189
276,Oregon,2021-06-01,1684.0125947732297
277,Pennsylvania,2021-06-01,1277.4553492030834
278,Rhode Island,2021-06-01,1626.8892711862966
279,South Carolina,2021-06-01,1367.3643458519782
280,Tennessee,2021-06-01,1422.2575414893063
281,Texas,2021-06-01,1454.2048619946809
282,United States,2021-06-01,1759.928014532841
283,Utah,2021-06-01,1390.0161640140136
284,Virginia,2021-06-01,1375.5330418750925
285,Washington,2021-06-01,1684.0811662437434
286,Wisconsin,2021-06-01,1300.59142451479
287,Alabama,2021-07-01,1116.43948505628
288,Arizona,2021-07-01,1425.4411805957009
289,Arkansas,2021-07-01,942.5893981237775
290,California,2021-07-01,2362.8831093217273
291,Colorado,2021-07-01,1730.923839157729
292,Connecticut,2021-07-01,1716.0686992241604
293,District of Columbia,2021-07-01,2079.6338982422194
294,Florida,2021-07-01,1788.4626471708243
295,Georgia,2021-07-01,1414.2242118332597
296,Hawaii,2021-07-01,2118.1978982959313
297,Idaho,2021-07-01,1411.6620005830962
298,Illinois,2021-07-01,1706.0857734305296
299,Indiana,2021-07-01,1313.4770796029031
300,Iowa,2021-07-01,1173.6694980176337
301,Kansas,2021-07-01,863.1939583699476
302,Kentucky,2021-07-01,1028.884835299248
303,Louisiana,2021-07-01,1321.3658609095385
304,Maryland,2021-07-01,1667.0113126029153
305,Massachusetts,2021-07-01,1745.6956226178904
306,Michigan,2021-07-01,1323.7126596622659
307,Minnesota,2021-07-01,1573.8775348123556
308,Mississippi,2021-07-01,1280.3084971194603
309,Missouri,2021-07-01,1206.3807018878385
310,Nebraska,2021-07-01,1285.836214171978
311,Nevada,2021-07-01,1481.333947954971
312,New Mexico,2021-07-01,1252.8518191063986
313,New York,2021-07-01,1522.9069211257167
314,North Carolina,2021-07-01,1392.4367840579482
315,Ohio,2021-07-01,1078.4800366179984
316,Oklahoma,2021-07-01,1162.6300673237604
317,Oregon,2021-07-01,1698.7737891516624
318,Pennsylvania,2021-07-01,1267.5720720702377
319,Rhode Island,2021-07-01,1634.8123888213145
320,South Carolina,2021-07-01,1372.3977922816846
321,Tennessee,2021-07-01,1429.969846088835
322,Texas,2021-07-01,1462.383538218606
323,United States,2021-07-01,1767.3077272623427
324,Utah,2021-07-01,1408.523783180241
325,Virginia,2021-07-01,1379.1671077725875
326,Washington,2021-07-01,1690.3471459563357
327,Wisconsin,2021-07-01,1304.16421762671
328,Alabama,2021-08-01,1121.104567324739
329,Arizona,2021-08-01,1432.3661841206642
330,Arkansas,2021-08-01,949.9121630691949
331,California,2021-08-01,2366.691050419206
332,Colorado,2021-08-01,1736.96738990014
333,Connecticut,2021-08-01,1725.2203543947287
334,District of Columbia,2021-08-01,2066.691200262778
335,Florida,2021-08-01,1795.8474060665928
336,Georgia,2021-08-01,1415.9325557169022
337,Hawaii,2021-08-01,2125.493565572282
338,Idaho,2021-08-01,1418.2899917938755
339,Illinois,2021-08-01,1714.2554072653527
340,Indiana,2021-08-01,1316.6494037259235
341,Iowa,2021-08-01,1175.3188202573717
342,Kansas,2021-08-01,872.297029381424
343,Kentucky,2021-08-01,1025.3465595089685
344,Louisiana,2021-08-01,1315.0880825898887
345,Maryland,2021-08-01,1665.7264406960926
346,Massachusetts,2021-08-01,1759.2790557348176
347,Michigan,2021-08-01,1331.0617472650135
348,Minnesota,2021-08-01,1572.8006314104273
349,Mississippi,2021-08-01,1276.4531584566707
350,Missouri,2021-08-01,1213.159273708183
351,Nebraska,2021-08-01,1285.2508641650002
352,Nevada,2021-08-01,1486.6555819196217
353,New Mexico,2021-08-01,1269.5131022107907
354,New York,2021-08-01,1514.981652905328
355,North Carolina,2021-08-01,1399.9756310378336
356,Ohio,2021-08-01,1086.1351126384209
357,Oklahoma,2021-08-01,1168.1541129900845
358,Oregon,2021-08-01,1705.592322147501
359,Pennsylvania,2021-08-01,1293.444508809946
360,Rhode Island,2021-08-01,1648.4197963805314
361,South Carolina,2021-08-01,1383.7846566247174
362,Tennessee,2021-08-01,1439.7431794221036
363,Texas,2021-08-01,1466.8860582696132
364,United States,2021-08-01,1770.7080018389754
365,Utah,2021-08-01,1407.5787761482627
366,Virginia,2021-08-01,1390.7341581723642
367,Washington,2021-08-01,1697.7191438794168
368,Wisconsin,2021-08-01,1306.3873960603376
369,Alabama,2021-09-01,1114.8323943431642
370,Arizona,2021-09-01,1440.1842187688517
371,Arkansas,2021-09-01,950.0139359831932
372,California,2021-09-01,2374.8927683793922
373,Colorado,2021-09-01,1735.9543998455997
374,Connecticut,2021-09-01,1720.6682998758313
375,District of Columbia,2021-09-01,2076.7530364221984
376,Florida,2021-09-01,1794.3557060911783
377,Georgia,2021-09-01,1422.0789553798918
378,Hawaii,2021-09-01,2114.8172143963707
379,Idaho,2021-09-01,1438.4297539222728
380,Illinois,2021-09-01,1709.5309998584512
381,Indiana,2021-09-01,1323.4514188313976
382,Iowa,2021-09-01,1181.6044376084337
383,Kansas,2021-09-01,869.696340155411
384,Kentucky,2021-09-01,1033.1465736867458
385,Louisiana,2021-09-01,1303.42172185458
386,Maryland,2021-09-01,1666.7089095402223
387,Massachusetts,2021-09-01,1742.380965523524
388,Michigan,2021-09-01,1330.6278704744304
389,Minnesota,2021-09-01,1582.1813430772552
390,Mississippi,2021-09-01,1285.32530265153
391,Missouri,2021-09-01,1213.534232351434
392,Nebraska,2021-09-01,1291.574128167952
393,Nevada,2021-09-01,1496.5854159384
394,New Mexico,2021-09-01,1266.6504287790287
395,New York,2021-09-01,1518.151280320647
396,North Carolina,2021-09-01,1403.389554836226
397,Ohio,2021-09-01,1089.8587370363837
398,Oklahoma,2021-09-01,1169.927410426669
399,Oregon,2021-09-01,1703.3794549176912
400,Pennsylvania,2021-09-01,1274.6895761425033
401,Rhode Island,2021-09-01,1633.6458721975657
402,South Carolina,2021-09-01,1389.2437847784906
403,Tennessee,2021-09-01,1433.4221798977471
404,Texas,2021-09-01,1466.95976701491
405,United States,2021-09-01,1768.0156733455926
406,Utah,2021-09-01,1414.787030490648
407,Virginia,2021-09-01,1390.1632432298575
408,Washington,2021-09-01,1706.5656109822357
409,Wisconsin,2021-09-01,1313.5486082861978
410,Alabama,2021-10-01,1140.2262716355986
411,Arizona,2021-10-01,1448.638199014331
412,Arkansas,2021-10-01,956.009123390637
413,California,2021-10-01,2370.8731506432323
414,Colorado,2021-10-01,1738.5953923090226
415,Connecticut,2021-10-01,1734.5261678231059
416,District of Columbia,2021-10-01,2073.49124279203
417,Florida,2021-10-01,1796.3562479637667
418,Georgia,2021-10-01,1426.431270123263
419,Hawaii,2021-10-01,2124.5627124653843
420,Idaho,2021-10-01,1435.4064341250905
421,Illinois,2021-10-01,1699.6363279186573
422,Indiana,2021-10-01,1314.9148502137632
423,Iowa,2021-10-01,1183.6164941397337
424,Kansas,2021-10-01,861.4426664070206
425,Kentucky,2021-10-01,1021.9355499514996
426,Louisiana,2021-10-01,1314.5681728233026
427,Maryland,2021-10-01,1660.5482196195826
428,Massachusetts,2021-10-01,1735.8168640816612
429,Michigan,2021-10-01,1325.6097531198725
430,Minnesota,2021-10-01,1578.1420109692408
431,Mississippi,2021-10-01,1309.4091864438167
432,Missouri,2021-10-01,1220.24238121764
433,Nebraska,2021-10-01,1290.5430818786388
434,Nevada,2021-10-01,1506.9949113735177
435,New Mexico,2021-10-01,1270.1793013026186
436,New York,2021-10-01,1521.9158315222137
437,North Carolina,2021-10-01,1406.3118659146962
438,Ohio,2021-10-01,1088.717948794075
439,Oklahoma,2021-10-01,1168.0166978029154
440,Oregon,2021-10-01,1715.737632795708
441,Pennsylvania,2021-10-01,1293.2934744825286
442,Rhode Island,2021-10-01,1622.7696538228145
443,South Carolina,2021-10-01,1393.1940522924986
444,Tennessee,2021-10-01,1448.8790482530865
445,Texas,2021-10-01,1465.971984632822
446,United States,2021-10-01,1766.6742683538048
447,Utah,2021-10-01,1411.1491545875836
448,Virginia,2021-10-01,1391.7834679114983
449,Washington,2021-10-01,1709.0991510545098
450,Wisconsin,2021-10-01,1301.6479578824144
451,Alabama,2021-11-01,1127.4900091148318
452,Arizona,2021-11-01,1469.5148019591686
453,Arkansas,2021-11-01,953.0811074660546
454,California,2021-11-01,2375.524483633723
455,Colorado,2021-11-01,1729.7585706912216
456,Connecticut,2021-11-01,1734.7033582667152
457,District of Columbia,2021-11-01,2052.57257800106
458,Florida,2021-11-01,1812.3891283710432
459,Georgia,2021-11-01,1434.179071705188
460,Hawaii,2021-11-01,2119.3058820917586
461,Idaho,2021-11-01,1439.9642816567716
462,Illinois,2021-11-01,1686.9286331853905
463,Indiana,2021-11-01,1322.3853516620488
464,Iowa,2021-11-01,1183.469262416801
465,Kansas,2021-11-01,855.9832102948336
466,Kentucky,2021-11-01,1019.5067532315529
467,Louisiana,2021-11-01,1320.9138811307876
468,Maryland,2021-11-01,1669.0378055092306
469,Massachusetts,2021-11-01,1733.5909594511766
470,Michigan,2021-11-01,1328.8443826005837
471,Minnesota,2021-11-01,1573.4525453649337
472,Mississippi,2021-11-01,1312.185783653398
473,Missouri,2021-11-01,1221.8811149630467
474,Nebraska,2021-11-01,1280.8431960168732
475,Nevada,2021-11-01,1514.9129052292517
476,New Mexico,2021-11-01,1278.3481204158086
477,New York,2021-11-01,1508.543906414241
478,North Carolina,2021-11-01,1408.7215305281156
479,Ohio,2021-11-01,1079.343590808493
480,Oklahoma,2021-11-01,1172.3364172194886
481,Oregon,2021-11-01,1706.8018431260346
482,Pennsylvania,2021-11-01,1300.056130359374
483,Rhode Island,2021-11-01,1640.3147678807925
484,South Carolina,2021-11-01,1387.732056352231
485,Tennessee,2021-11-01,1454.7085653231818
486,Texas,2021-11-01,1464.6589637039824
487,United States,2021-11-01,1764.4835503284519
488,Utah,2021-11-01,1425.1100463407106
489,Virginia,2021-11-01,1384.8797517138805
490,Washington,2021-11-01,1703.0271372285074
491,Wisconsin,2021-11-01,1304.566341375542
492,Alabama,2021-12-01,1134.2098398233848
493,Arizona,2021-12-01,1482.69123164956
494,Arkansas,2021-12-01,953.9864766756419
495,California,2021-12-01,2380.011336900422
496,Colorado,2021-12-01,1742.3419966547285
497,Connecticut,2021-12-01,1751.7438531206421
498,District of Columbia,2021-12-01,2044.1871067822033
499,Florida,2021-12-01,1837.728017431372
500,Georgia,2021-12-01,1439.4162540511593
501,Hawaii,2021-12-01,2117.9029465725653
502,Idaho,2021-12-01,1455.5760074196446
503,Illinois,2021-12-01,1670.8226622116829
504,Indiana,2021-12-01,1322.0941793536047
505,Iowa,2021-12-01,1191.358244398697
506,Kansas,2021-12-01,849.4598359982614
507,Kentucky,2021-12-01,1023.478285733196
508,Louisiana,2021-12-01,1316.0017956153042
509,Maryland,2021-12-01,1677.9396558681754
510,Massachusetts,2021-12-01,1726.233815985364
511,Michigan,2021-12-01,1332.0818218936924
512,Minnesota,2021-12-01,1578.3197115004832
513,Mississippi,2021-12-01,1284.8062840653006
514,Missouri,2021-12-01,1222.4532900381034
515,Nebraska,2021-12-01,1276.3803760997541
516,Nevada,2021-12-01,1523.3450813257436
517,New Mexico,2021-12-01,1289.5364804094825
518,New York,2021-12-01,1505.4407988656546
519,North Carolina,2021-12-01,1415.8183136100733
520,Ohio,2021-12-01,1082.7596476712608
521,Oklahoma,2021-12-01,1165.1954432831237
522,Oregon,2021-12-01,1700.8895684255885
523,Pennsylvania,2021-12-01,1297.6172018001998
524,Rhode Island,2021-12-01,1654.870530865179
525,South Carolina,2021-12-01,1392.0780026470188
526,Tennessee,2021-12-01,1444.347358000937
527,Texas,2021-12-01,1472.320106966972
528,United States,2021-12-01,1765.9895740237553
529,Utah,2021-12-01,1422.1484606061852
530,Virginia,2021-12-01,1399.6275734121396
531,Washington,2021-12-01,1678.5462388067992
532,Wisconsin,2021-12-01,1307.556258801341
533,Alabama,2022-01-01,1129.4539688200166
534,Arizona,2022-01-01,1448.5280980782052
535,Arkansas,2022-01-01,943.9375314997627
536,California,2022-01-01,2355.973262839333
537,Colorado,2022-01-01,1716.4269366028245
538,Connecticut,2022-01-01,1718.1510581593866
539,District of Columbia,2022-01-01,2044.3702295580879
540,Florida,2022-01-01,1819.6876972995015
541,Georgia,2022-01-01,1414.0237191788617
542,Hawaii,2022-01-01,2098.1789703444133
543,Idaho,2022-01-01,1416.7779359810793
544,Illinois,2022-01-01,1680.168031561541
545,Indiana,2022-01-01,1320.2101821419324
546,Iowa,2022-01-01,1151.6888629924715
547,Kansas,2022-01-01,817.9317547033519
548,Kentucky,2022-01-01,1030.0218157153663
549,Louisiana,2022-01-01,1309.1957590641841
550,Maryland,2022-01-01,1637.4426680067847
551,Massachusetts,2022-01-01,1735.9637412616466
552,Michigan,2022-01-01,1319.3630667336356
553,Minnesota,2022-01-01,1555.9456308650474
554,Mississippi,2022-01-01,1284.5052771028081
555,Missouri,2022-01-01,1214.3680021115185
556,Nebraska,2022-01-01,1286.515630334573
557,Nevada,2022-01-01,1485.282578954164
558,New Mexico,2022-01-01,1258.1065125131463
559,New York,2022-01-01,1520.1107596867407
560,North Carolina,2022-01-01,1395.6420469812683
561,Ohio,2022-01-01,1079.750653801351
562,Oklahoma,2022-01-01,1163.8067726725267
563,Oregon,2022-01-01,1681.1989929433175
564,Pennsylvania,2022-01-01,1259.70203887776
565,Rhode Island,2022-01-01,1634.5089573198175
566,South Carolina,2022-01-01,1364.946991283588
567,Tennessee,2022-01-01,1438.2546362408737
568,Texas,2022-01-01,1457.7561121084188
569,United States,2022-01-01,1760.7791365675564
570,Utah,2022-01-01,1398.472411688153
571,Virginia,2022-01-01,1382.4635097529554
572,Washington,2022-01-01,1689.1554197546527
573,Wisconsin,2022-01-01,1306.3608372381989
574,Alabama,2022-02-01,1133.57343460105
575,Arizona,2022-02-01,1451.1408159273515
576,Arkansas,2022-02-01,953.3986998161926
577,California,2022-02-01,2341.193823036411
578,Colorado,2022-02-01,1724.0689725206034
579,Connecticut,2022-02-01,1730.0237499356754
580,District of Columbia,2022-02-01,2012.975659405679
581,Florida,2022-02-01,1819.82191404113
582,Georgia,2022-02-01,1443.869495428477
583,Hawaii,2022-02-01,2095.4024937309077
584,Idaho,2022-02-01,1423.0502699823942
585,Illinois,2022-02-01,1647.9045013897112
586,Indiana,2022-02-01,1332.7683200365605
587,Iowa,2022-02-01,1156.4258793480951
588,Kansas,2022-02-01,980.5821762734829
589,Kentucky,2022-02-01,1025.0311606598239
590,Louisiana,2022-02-01,1306.7631079991522
591,Maryland,2022-02-01,1633.2754334904303
592,Massachusetts,2022-02-01,1710.8963569643545
593,Michigan,2022-02-01,1320.7036890162806
594,Minnesota,2022-02-01,1556.277882047628
595,Mississippi,2022-02-01,1270.1609779683063
596,Missouri,2022-02-01,1216.1322685493956
597,Nebraska,2022-02-01,1307.1289111723293
598,Nevada,2022-02-01,1488.8289935031792
599,New Mexico,2022-02-01,1268.9083529818713
600,New York,2022-02-01,1494.6719846428186
601,North Carolina,2022-02-01,1386.8737551471963
602,Ohio,2022-02-01,1112.7409287269209
603,Oklahoma,2022-02-01,1166.9157457618273
604,Oregon,2022-02-01,1673.7159073766
605,Pennsylvania,2022-02-01,1285.5268804473405
606,Rhode Island,2022-02-01,1623.347960976489
607,South Carolina,2022-02-01,1381.6030387121202
608,Tennessee,2022-02-01,1444.6797353911772
609,Texas,2022-02-01,1446.502927177539
610,United States,2022-02-01,1747.2767865292894
611,Utah,2022-02-01,1402.8304871625824
612,Virginia,2022-02-01,1389.6955008221396
613,Washington,2022-02-01,1681.7550161512752
614,Wisconsin,2022-02-01,1311.996636223537
615,Alabama,2022-03-01,1139.1780358824012
616,Arizona,2022-03-01,1485.7972706203288
617,Arkansas,2022-03-01,964.0952947370395
618,California,2022-03-01,2389.1326020720944
619,Colorado,2022-03-01,1748.5894013703096
620,Connecticut,2022-03-01,1745.7005500857006
621,District of Columbia,2022-03-01,2056.9446047795154
622,Florida,2022-03-01,1841.5393973314492
623,Georgia,2022-03-01,1436.2956450269107
624,Hawaii,2022-03-01,2114.872072500793
625,Idaho,2022-03-01,1444.910765677299
626,Illinois,2022-03-01,1683.4869319168197
627,Indiana,2022-03-01,1338.0882481484857
628,Iowa,2022-03-01,1184.6582064197846
629,Kansas,2022-03-01,841.3618576827504
630,Kentucky,2022-03-01,1034.7800815694818
631,Louisiana,2022-03-01,1324.3431894736334
632,Maryland,2022-03-01,1671.4790686004617
633,Massachusetts,2022-03-01,1751.073235667769
634,Michigan,2022-03-01,1327.4838057487257
635,Minnesota,2022-03-01,1589.2488325022757
636,Mississippi,2022-03-01,1307.288609062914
637,Missouri,2022-03-01,1227.9361029007412
638,Nebraska,2022-03-01,1300.3289003012856
639,Nevada,2022-03-01,1519.0049567944973
640,New Mexico,2022-03-01,1286.2784986375339
641,New York,2022-03-01,1518.3421050707227
642,North Carolina,2022-03-01,1413.3544802170568
643,Ohio,2022-03-01,1095.2696901213976
644,Oklahoma,2022-03-01,1174.035629824337
645,Oregon,2022-03-01,1703.1099205929509
646,Pennsylvania,2022-03-01,1305.6867077785728
647,Rhode Island,2022-03-01,1664.8220035663235
648,South Carolina,2022-03-01,1393.9608965801215
649,Tennessee,2022-03-01,1460.9032706307385
650,Texas,2022-03-01,1473.1607008840535
651,United States,2022-03-01,1774.786259668495
652,Utah,2022-03-01,1435.2776484391372
653,Virginia,2022-03-01,1403.0513079276777
654,Washington,2022-03-01,1706.994641060264
655,Wisconsin,2022-03-01,1320.3351245029855
656,Alabama,2022-04-01,1135.9818418168159
657,Arizona,2022-04-01,1497.0199051536815
658,Arkansas,2022-04-01,966.4089161954078
659,California,2022-04-01,2390.9242894218974
660,Colorado,2022-04-01,1753.1619502012654
661,Connecticut,2022-04-01,1750.2846365779797
662,District of Columbia,2022-04-01,2058.556316744312
663,Florida,2022-04-01,1847.030624248208
664,Georgia,2022-04-01,1445.829324947429
665,Hawaii,2022-04-01,2113.6690337563978
666,Idaho,2022-04-01,1461.9209243197815
667,Illinois,2022-04-01,1692.9849007533242
668,Indiana,2022-04-01,1339.3636143678252
669,Iowa,2022-04-01,1187.2861105248974
670,Kansas,2022-04-01,850.577895485926
671,Kentucky,2022-04-01,1047.3291662214217
672,Louisiana,2022-04-01,1332.3490537330201
673,Maryland,2022-04-01,1673.0991447014378
674,Massachusetts,2022-04-01,1749.554442873766
675,Michigan,2022-04-01,1340.248988109325
676,Minnesota,2022-04-01,1594.4988645454202
677,Mississippi,2022-04-01,1311.4193033593128
678,Missouri,2022-04-01,1236.0196456356773
679,Nebraska,2022-04-01,1310.225765632937
680,Nevada,2022-04-01,1529.7744030208955
681,New Mexico,2022-04-01,1299.0362195760104
682,New York,2022-04-01,1533.5700195667491
683,North Carolina,2022-04-01,1427.833588274557
684,Ohio,2022-04-01,1099.8861678085975
685,Oklahoma,2022-04-01,1183.0046259117544
686,Oregon,2022-04-01,1708.9501287646015
687,Pennsylvania,2022-04-01,1303.3534249964769
688,Rhode Island,2022-04-01,1688.775322874561
689,South Carolina,2022-04-01,1409.259039591006
690,Tennessee,2022-04-01,1473.2417871091893
691,Texas,2022-04-01,1476.6224858990633
692,United States,2022-04-01,1780.7323945184219
693,Utah,2022-04-01,1431.6318329107914
694,Virginia,2022-04-01,1410.3702423152558
695,Washington,2022-04-01,1727.077951265784
696,Wisconsin,2022-04-01,1318.8557229001842
697,Alabama,2022-05-01,1150.3229614323084
698,Arizona,2022-05-01,1503.2727497421884
699,Arkansas,2022-05-01,972.2732315824351
700,California,2022-05-01,2385.670658061431
701,Colorado,2022-05-01,1755.8076190679171
702,Connecticut,2022-05-01,1777.2150330493591
703,District of Columbia,2022-05-01,2053.5952107166345
704,Florida,2022-05-01,1843.2454040266891
705,Georgia,2022-05-01,1448.1734569360394
706,Hawaii,2022-05-01,2111.9040048207344
707,Idaho,2022-05-01,1472.5699742832828
708,Illinois,2022-05-01,1691.7633109870928
709,Indiana,2022-05-01,1347.9062111762053
710,Iowa,2022-05-01,1188.0108386113268
711,Kansas,2022-05-01,860.8822863449687
712,Kentucky,2022-05-01,1038.5220070392133
713,Louisiana,2022-05-01,1328.2371613272223
714,Maryland,2022-05-01,1666.4188699491099
715,Massachusetts,2022-05-01,1753.0407525703533
716,Michigan,2022-05-01,1350.9167056414387
717,Minnesota,2022-05-01,1596.6509569797938
718,Mississippi,2022-05-01,1307.3791454855264
719,Missouri,2022-05-01,1245.527946238082
720,Nebraska,2022-05-01,1318.5360214980453
721,Nevada,2022-05-01,1529.6222982386005
722,New Mexico,2022-05-01,1300.3369448223518
723,New York,2022-05-01,1526.6339861876172
724,North Carolina,2022-05-01,1427.7602998275877
725,Ohio,2022-05-01,1103.9904296655518
726,Oklahoma,2022-05-01,1186.8014702167766
727,Oregon,2022-05-01,1710.096312609748
728,Pennsylvania,2022-05-01,1303.2792055212449
729,Rhode Island,2022-05-01,1702.6205324678317
730,South Carolina,2022-05-01,1409.2524541084686
731,Tennessee,2022-05-01,1478.509872394773
732,Texas,2022-05-01,1477.913418660773
733,United States,2022-05-01,1781.2297428711627
734,Utah,2022-05-01,1418.4709488333958
735,Virginia,2022-05-01,1414.333972920043
736,Washington,2022-05-01,1721.673168197823
737,Wisconsin,2022-05-01,1327.7118679970704
738,Alabama,2022-06-01,1148.1446820165986
739,Arizona,2022-06-01,1509.1761489709195
740,Arkansas,2022-06-01,967.1592816503747
741,California,2022-06-01,2386.9583265883316
742,Colorado,2022-06-01,1759.1033214115992
743,Connecticut,2022-06-01,1793.4785357839928
744,District of Columbia,2022-06-01,2054.208934427852
745,Florida,2022-06-01,1852.5321214974394
746,Georgia,2022-06-01,1456.1657805171667
747,Hawaii,2022-06-01,2121.1805456229354
748,Idaho,2022-06-01,1478.6593133259707
749,Illinois,2022-06-01,1692.7771952625653
750,Indiana,2022-06-01,1361.1670480452485
751,Iowa,2022-06-01,1201.8869240654635
752,Kansas,2022-06-01,861.7855994972044
753,Kentucky,2022-06-01,1050.4241995687084
754,Louisiana,2022-06-01,1328.8934137768329
755,Maryland,2022-06-01,1678.586837572201
756,Massachusetts,2022-06-01,1758.7095757559905
757,Michigan,2022-06-01,1364.8229989163456
758,Minnesota,2022-06-01,1598.4307291865357
759,Mississippi,2022-06-01,1312.4237869199044
760,Missouri,2022-06-01,1250.462515239626
761,Nebraska,2022-06-01,1326.7033014139315
762,Nevada,2022-06-01,1531.8566331436136
763,New Mexico,2022-06-01,1300.1667647711865
764,New York,2022-06-01,1541.0809245439348
765,North Carolina,2022-06-01,1430.5844359688904
766,Ohio,2022-06-01,1111.8621966387059
767,Oklahoma,2022-06-01,1192.8209192210504
768,Oregon,2022-06-01,1716.7176856381623
769,Pennsylvania,2022-06-01,1315.5376623522025
770,Rhode Island,2022-06-01,1702.1124769748603
771,South Carolina,2022-06-01,1408.664044330276
772,Tennessee,2022-06-01,1484.8271512512576
773,Texas,2022-06-01,1477.93121318567
774,United States,2022-06-01,1783.9784001517783
775,Utah,2022-06-01,1431.9232281547368
776,Virginia,2022-06-01,1420.8080302980197
777,Washington,2022-06-01,1733.8058683013032
778,Wisconsin,2022-06-01,1330.6614303602366
779,Alabama,2022-07-01,1149.4271813586283
780,Arizona,2022-07-01,1509.6981285391755
781,Arkansas,2022-07-01,976.6986474460351
782,California,2022-07-01,2400.566865580545
783,Colorado,2022-07-01,1767.423944279738
784,Connecticut,2022-07-01,1784.013344808074
785,District of Columbia,2022-07-01,2063.5580289034274
786,Florida,2022-07-01,1850.8075362334662
787,Georgia,2022-07-01,1467.7619255688408
788,Hawaii,2022-07-01,2123.0287557985803
789,Idaho,2022-07-01,1486.3663110380162
790,Illinois,2022-07-01,1699.7021246477618
791,Indiana,2022-07-01,1375.9699189650378
792,Iowa,2022-07-01,1203.6477912236703
793,Kansas,2022-07-01,880.1842730123185
794,Kentucky,2022-07-01,1062.6825824830307
795,Louisiana,2022-07-01,1341.9315208291246
796,Maryland,2022-07-01,1681.9440320573121
797,Massachusetts,2022-07-01,1764.7881389466306
798,Michigan,2022-07-01,1369.323421039579
799,Minnesota,2022-07-01,1601.9828934343398
800,Mississippi,2022-07-01,1311.1811212162336
801,Missouri,2022-07-01,1252.034460244178
802,Nebraska,2022-07-01,1341.629992623699
803,Nevada,2022-07-01,1538.0425462681883
804,New Mexico,2022-07-01,1311.8525432180882
805,New York,2022-07-01,1544.8472758127416
806,North Carolina,2022-07-01,1434.9834094047042
807,Ohio,2022-07-01,1118.0560208460631
808,Oklahoma,2022-07-01,1198.2299254220788
809,Oregon,2022-07-01,1730.7213976409507
810,Pennsylvania,2022-07-01,1308.4919852191183
811,Rhode Island,2022-07-01,1710.1030460561813
812,South Carolina,2022-07-01,1413.899105023156
813,Tennessee,2022-07-01,1492.7375371959984
814,Texas,2022-07-01,1485.621013115464
815,United States,2022-07-01,1790.9223987852417
816,Utah,2022-07-01,1449.0921982626307
817,Virginia,2022-07-01,1424.5701037926035
818,Washington,2022-07-01,1741.3321126290423
819,Wisconsin,2022-07-01,1334.4118160117848
820,Alabama,2022-08-01,1153.2767763535942
821,Arizona,2022-08-01,1516.7526249740854
822,Arkansas,2022-08-01,983.1487047380657
823,California,2022-08-01,2404.736634225868
824,Colorado,2022-08-01,1772.8414332468165
825,Connecticut,2022-08-01,1792.8159269414095
826,District of Columbia,2022-08-01,2052.8869276793803
827,Florida,2022-08-01,1857.8631502470357
828,Georgia,2022-08-01,1470.5500106175907
829,Hawaii,2022-08-01,2129.532228906348
830,Idaho,2022-08-01,1493.9489721757466
831,Illinois,2022-08-01,1706.5044509566133
832,Indiana,2022-08-01,1379.7571759690097
833,Iowa,2022-08-01,1205.4370703215272
834,Kansas,2022-08-01,888.6267205804978
835,Kentucky,2022-08-01,1060.5283887782773
836,Louisiana,2022-08-01,1336.5704943160767
837,Maryland,2022-08-01,1681.507733493447
838,Massachusetts,2022-08-01,1776.4041709152114
839,Michigan,2022-08-01,1376.4320990295155
840,Minnesota,2022-08-01,1601.9021959593497
841,Mississippi,2022-08-01,1309.331263576772
842,Missouri,2022-08-01,1258.7520763433058
843,Nebraska,2022-08-01,1342.1074089091026
844,Nevada,2022-08-01,1543.7625272338928
845,New Mexico,2022-08-01,1326.5566847367584
846,New York,2022-08-01,1538.9330786845019
847,North Carolina,2022-08-01,1442.2321550442732
848,Ohio,2022-08-01,1124.535689945793
849,Oklahoma,2022-08-01,1202.7144447905907
850,Oregon,2022-08-01,1737.8261185273304
851,Pennsylvania,2022-08-01,1330.5103134942399
852,Rhode Island,2022-08-01,1721.435905802439
853,South Carolina,2022-08-01,1424.4375793370416
854,Tennessee,2022-08-01,1501.9200403326206
855,Texas,2022-08-01,1489.8919793637465
856,United States,2022-08-01,1794.0887580512701
857,Utah,2022-08-01,1448.5946725816464
858,Virginia,2022-08-01,1434.9150300542892
859,Washington,2022-08-01,1748.3691590573078
860,Wisconsin,2022-08-01,1336.1704992053455
861,Alabama,2022-09-01,1149.2723148706584
862,Arizona,2022-09-01,1524.2004338338265
863,Arkansas,2022-09-01,983.9391680224326
864,California,2022-09-01,2412.0309142996807
865,Colorado,2022-09-01,1771.9008963995796
866,Connecticut,2022-09-01,1789.383880801392
867,District of Columbia,2022-09-01,2060.0793449906196
868,Florida,2022-09-01,1857.8992293279084
869,Georgia,2022-09-01,1476.8501124213635
870,Hawaii,2022-09-01,2121.369988642123
871,Idaho,2022-09-01,1511.1655031454645
872,Illinois,2022-09-01,1701.9391837020926
873,Indiana,2022-09-01,1386.0604848896473
874,Iowa,2022-09-01,1210.654865980494
875,Kansas,2022-09-01,886.3373066310585
876,Kentucky,2022-09-01,1066.898607033244
877,Louisiana,2022-09-01,1327.593474560607
878,Maryland,2022-09-01,1681.651307806326
879,Massachusetts,2022-09-01,1762.0054280646239
880,Michigan,2022-09-01,1376.259656314047
881,Minnesota,2022-09-01,1608.4837395173056
882,Mississippi,2022-09-01,1318.861647212291
883,Missouri,2022-09-01,1259.7538617814325
884,Nebraska,2022-09-01,1347.4483841497486
885,Nevada,2022-09-01,1553.1609652818167
886,New Mexico,2022-09-01,1325.5341512935079
887,New York,2022-09-01,1540.8659809540343
888,North Carolina,2022-09-01,1445.334705177939
889,Ohio,2022-09-01,1127.9474306017348
890,Oklahoma,2022-09-01,1204.9654643953436
891,Oregon,2022-09-01,1736.9335659467326
892,Pennsylvania,2022-09-01,1315.8390106461138
893,Rhode Island,2022-09-01,1709.2749224710444
894,South Carolina,2022-09-01,1428.9228941251843
895,Tennessee,2022-09-01,1497.4350028364065
896,Texas,2022-09-01,1490.2111153705428
897,United States,2022-09-01,1791.7243693548353
898,Utah,2022-09-01,1454.7175224166365
899,Virginia,2022-09-01,1434.8399188911399
900,Washington,2022-09-01,1755.946482501337
901,Wisconsin,2022-09-01,1341.8924767054161
902,Alabama,2022-10-01,1171.461502734155
903,Arizona,2022-10-01,1532.140327154271
904,Arkansas,2022-10-01,988.6164187481332
905,California,2022-10-01,2408.3735946248216
906,Colorado,2022-10-01,1774.1125841088103
907,Connecticut,2022-10-01,1800.4066635129573
908,District of Columbia,2022-10-01,2055.519196828806
909,Florida,2022-10-01,1860.3546436422512
910,Georgia,2022-10-01,1481.3542481190793
911,Hawaii,2022-10-01,2128.2282834895273
912,Idaho,2022-10-01,1509.5644531911273
913,Illinois,2022-10-01,1691.5430378594103
914,Indiana,2022-10-01,1379.8004696425623
915,Iowa,2022-10-01,1211.1709975686517
916,Kansas,2022-10-01,879.7681319581509
917,Kentucky,2022-10-01,1057.8844767602793
918,Louisiana,2022-10-01,1336.276627881067
919,Maryland,2022-10-01,1676.0530797056342
920,Massachusetts,2022-10-01,1755.0785562781505
921,Michigan,2022-10-01,1371.768884389499
922,Minnesota,2022-10-01,1604.5230446904923
923,Mississippi,2022-10-01,1337.3168046170465
924,Missouri,2022-10-01,1265.121021074294
925,Nebraska,2022-10-01,1346.138417862265
926,Nevada,2022-10-01,1562.2586252886301
927,New Mexico,2022-10-01,1328.4949606380953
928,New York,2022-10-01,1542.630037364937
929,North Carolina,2022-10-01,1447.805716911374
930,Ohio,2022-10-01,1127.1336171341222
931,Oklahoma,2022-10-01,1203.1327107343668
932,Oregon,2022-10-01,1746.3342604680447
933,Pennsylvania,2022-10-01,1330.9319995285261
934,Rhode Island,2022-10-01,1699.206010111842
935,South Carolina,2022-10-01,1431.8578391540075
936,Tennessee,2022-10-01,1509.866820190093
937,Texas,2022-10-01,1488.7667013568146
938,United States,2022-10-01,1789.8405162564766
939,Utah,2022-10-01,1451.7664844956666
940,Virginia,2022-10-01,1436.073688327713
941,Washington,2022-10-01,1756.6943998817803
942,Wisconsin,2022-10-01,1332.1531772525236
943,Alabama,2022-11-01,1160.2448032024968
944,Arizona,2022-11-01,1549.803497879102
945,Arkansas,2022-11-01,986.6601002161649
946,California,2022-11-01,2411.1269256382675
947,Colorado,2022-11-01,1766.4579270214422
948,Connecticut,2022-11-01,1800.559330265411
949,District of Columbia,2022-11-01,2036.3534961680737
950,Florida,2022-11-01,1874.2345318366713
951,Georgia,2022-11-01,1487.9045524214043
952,Hawaii,2022-11-01,2120.8874172526293
953,Idaho,2022-11-01,1513.3933466706742
954,Illinois,2022-11-01,1678.4613709877485
955,Indiana,2022-11-01,1386.421823920289
956,Iowa,2022-11-01,1212.1030916191744
957,Kansas,2022-11-01,876.2601491022652
958,Kentucky,2022-11-01,1055.825831286779
959,Louisiana,2022-11-01,1340.9069503613719
960,Maryland,2022-11-01,1682.2877003278436
961,Massachusetts,2022-11-01,1752.5944228377514
962,Michigan,2022-11-01,1373.912783945885
963,Minnesota,2022-11-01,1599.7192400661556
964,Mississippi,2022-11-01,1337.959679927676
965,Missouri,2022-11-01,1266.1606566790779
966,Nebraska,2022-11-01,1337.9869282465734
967,Nevada,2022-11-01,1568.8241177608352
968,New Mexico,2022-11-01,1335.4175906337998
969,New York,2022-11-01,1531.3392772371164
970,North Carolina,2022-11-01,1449.4007181663112
971,Ohio,2022-11-01,1119.889400736702
972,Oklahoma,2022-11-01,1206.3329822700648
973,Oregon,2022-11-01,1737.1874582587045
974,Pennsylvania,2022-11-01,1337.0392789218813
975,Rhode Island,2022-11-01,1712.4519146332623
976,South Carolina,2022-11-01,1426.9763473857388
977,Tennessee,2022-11-01,1514.954666154457
978,Texas,2022-11-01,1487.0359386863183
979,United States,2022-11-01,1787.2675424196884
980,Utah,2022-11-01,1463.7679971688872
981,Virginia,2022-11-01,1430.4522215959466
982,Washington,2022-11-01,1750.938723186718
983,Wisconsin,2022-11-01,1334.8444047023597
